t,vTotal,vCpe,i
sec,V,V,A
0,0,0,0
0.01,0.0001,12.784266853336,-1.2784166853336
0.02,0.0002,104743001.93607,-10474300.193587
0.03,0.0003,8.581780185271E+14,-85817801852710
0.04,0.0004,7.0312049289359E+21,-7.0312049289359E+20
0.05,0.0005,5.7607910812657E+28,-5.7607910812657E+27
0.06,0.0006,4.7199184517316E+35,-4.7199184517316E+34
0.07,0.0007,3.8671130191553E+42,-3.8671130191553E+41
0.08,0.0008,3.1683943813551E+49,-3.1683943813551E+48
0.09,0.0009,2.5959217912889E+56,-2.5959217912889E+55
0.1,0.001,2.1268848304189E+63,-2.1268848304189E+62
0.11,0.0011,1.7425945176954E+70,-1.7425945176954E+69
0.12,0.0012,1.4277386390047E+77,-1.4277386390047E+76
0.13,0.0013,1.1697716253595E+84,-1.1697716253595E+83
0.14,0.0014,9.5841466926332E+90,-9.5841466926332E+89
0.15,0.0015,7.8524616116998E+97,-7.8524616116998E+96
0.16,0.0016,6.4336612679995E+104,-6.4336612679995E+103
0.17,0.0017,5.2712129467382E+111,-5.2712129467382E+110
0.18,0.0018,4.3187983905935E+118,-4.3187983905935E+117
0.19,0.0019,3.5384682286712E+125,-3.5384682286712E+124
0.2,0.002,2.8991298673692E+132,-2.8991298673692E+131
0.21,0.0021,2.3753085925059E+139,-2.3753085925059E+138
0.22,0.0022,1.9461325182898E+146,-1.9461325182898E+145
0.23,0.0023,1.5945009379811E+153,-1.5945009379811E+152
0.24,0.0024,1.3064029388177E+160,-1.3064029388177E+159
0.25,0.0025,1.0703591311225E+167,-1.0703591311225E+166
0.26,0.0026,8.7696424704479E+173,-8.7696424704479E+172
0.27,0.0027,7.1851238358503E+180,-7.1851238358503E+179
0.28,0.0028,5.8868995754929E+187,-5.8868995754929E+186
0.29,0.0029,4.8232413808965E+194,-4.8232413808965E+193
0.3,0.003,3.9517673301645E+201,-3.9517673301645E+200
0.31,0.0031,3.2377531619312E+208,-3.2377531619312E+207
0.32,0.0032,2.6527486721136E+215,-2.6527486721136E+214
0.33,0.0033,2.173444103195E+222,-2.173444103195E+221
0.34,0.0034,1.7807413568318E+229,-1.7807413568318E+228
0.35,0.0035,1.4589930218447E+236,-1.4589930218447E+235
0.36,0.0036,1.1953788963372E+243,-1.1953788963372E+242
0.37,0.0037,9.7939516119247E+249,-9.7939516119247E+248
0.38,0.0038,8.024358508473E+256,-8.024358508473E+255
0.39,0.0039,6.5744994486295E+263,-6.5744994486295E+262
0.4,0.004,5.3866041695905E+270,-5.3866041695905E+269
0.41,0.0041,4.4133404689688E+277,-4.4133404689688E+276
0.42,0.0042,3.6159282326696E+284,-3.6159282326696E+283
0.43,0.0043,2.9625942244315E+291,-2.9625942244315E+290
0.44,0.0044,2.4273060674534E+298,-2.4273060674534E+297
0.45,0.0045,1.9887349730545E+305,-1.9887349730545E+304
0.46,0.0046,NAN,NAN
0.47,0.0047,NAN,NAN
0.48,0.0048,NAN,NAN
0.49,0.0049,NAN,NAN
0.5,0.005,NAN,NAN
0.51,0.0051,NAN,NAN
0.52,0.0052,NAN,NAN
0.53,0.0053,NAN,NAN
0.54,0.0054,NAN,NAN
0.55,0.0055,NAN,NAN
0.56,0.0056,NAN,NAN
0.57,0.0057,NAN,NAN
0.58,0.0058,NAN,NAN
0.59,0.0059,NAN,NAN
0.6,0.006,NAN,NAN
0.61,0.0061,NAN,NAN
0.62,0.0062,NAN,NAN
0.63,0.0063,NAN,NAN
0.64,0.0064,NAN,NAN
0.65,0.0065,NAN,NAN
0.66,0.0066,NAN,NAN
0.67,0.0067,NAN,NAN
0.68,0.0068,NAN,NAN
0.69,0.0069,NAN,NAN
0.7,0.007,NAN,NAN
0.71,0.0071,NAN,NAN
0.72,0.0072,NAN,NAN
0.73,0.0073,NAN,NAN
0.74,0.0074,NAN,NAN
0.75,0.0075,NAN,NAN
0.76,0.0076,NAN,NAN
0.77,0.0077,NAN,NAN
0.78,0.0078,NAN,NAN
0.79,0.0079,NAN,NAN
0.8,0.008,NAN,NAN
0.81,0.0081,NAN,NAN
0.82,0.0082,NAN,NAN
0.83,0.0083,NAN,NAN
0.84,0.0084,NAN,NAN
0.85,0.0085,NAN,NAN
0.86,0.0086,NAN,NAN
0.87,0.0087,NAN,NAN
0.88,0.0088,NAN,NAN
0.89,0.0089,NAN,NAN
0.9,0.009,NAN,NAN
0.91,0.0091,NAN,NAN
0.92,0.0092,NAN,NAN
0.93,0.0093,NAN,NAN
0.94,0.0094,NAN,NAN
0.95,0.0095,NAN,NAN
0.96,0.0096,NAN,NAN
0.97,0.0097,NAN,NAN
0.98,0.0098,NAN,NAN
0.99,0.0099,NAN,NAN
1,0.01,NAN,NAN
1.01,0.0101,NAN,NAN
1.02,0.0102,NAN,NAN
1.03,0.0103,NAN,NAN
1.04,0.0104,NAN,NAN
1.05,0.0105,NAN,NAN
1.06,0.0106,NAN,NAN
1.07,0.0107,NAN,NAN
1.08,0.0108,NAN,NAN
1.09,0.0109,NAN,NAN
1.1,0.011,NAN,NAN
1.11,0.0111,NAN,NAN
1.12,0.0112,NAN,NAN
1.13,0.0113,NAN,NAN
1.14,0.0114,NAN,NAN
1.15,0.0115,NAN,NAN
1.16,0.0116,NAN,NAN
1.17,0.0117,NAN,NAN
1.18,0.0118,NAN,NAN
1.19,0.0119,NAN,NAN
1.2,0.012,NAN,NAN
1.21,0.0121,NAN,NAN
1.22,0.0122,NAN,NAN
1.23,0.0123,NAN,NAN
1.24,0.0124,NAN,NAN
1.25,0.0125,NAN,NAN
1.26,0.0126,NAN,NAN
1.27,0.0127,NAN,NAN
1.28,0.0128,NAN,NAN
1.29,0.0129,NAN,NAN
1.3,0.013,NAN,NAN
1.31,0.0131,NAN,NAN
1.32,0.0132,NAN,NAN
1.33,0.0133,NAN,NAN
1.34,0.0134,NAN,NAN
1.35,0.0135,NAN,NAN
1.36,0.0136,NAN,NAN
1.37,0.0137,NAN,NAN
1.38,0.0138,NAN,NAN
1.39,0.0139,NAN,NAN
1.4,0.014,NAN,NAN
1.41,0.0141,NAN,NAN
1.42,0.0142,NAN,NAN
1.43,0.0143,NAN,NAN
1.44,0.0144,NAN,NAN
1.45,0.0145,NAN,NAN
1.46,0.0146,NAN,NAN
1.47,0.0147,NAN,NAN
1.48,0.0148,NAN,NAN
1.49,0.0149,NAN,NAN
1.5,0.015,NAN,NAN
1.51,0.0151,NAN,NAN
1.52,0.0152,NAN,NAN
1.53,0.0153,NAN,NAN
1.54,0.0154,NAN,NAN
1.55,0.0155,NAN,NAN
1.56,0.0156,NAN,NAN
1.57,0.0157,NAN,NAN
1.58,0.0158,NAN,NAN
1.59,0.0159,NAN,NAN
1.6,0.016,NAN,NAN
1.61,0.0161,NAN,NAN
1.62,0.0162,NAN,NAN
1.63,0.0163,NAN,NAN
1.64,0.0164,NAN,NAN
1.65,0.0165,NAN,NAN
1.66,0.0166,NAN,NAN
1.67,0.0167,NAN,NAN
1.68,0.0168,NAN,NAN
1.69,0.0169,NAN,NAN
1.7,0.017,NAN,NAN
1.71,0.0171,NAN,NAN
1.72,0.0172,NAN,NAN
1.73,0.0173,NAN,NAN
1.74,0.0174,NAN,NAN
1.75,0.0175,NAN,NAN
1.76,0.0176,NAN,NAN
1.77,0.0177,NAN,NAN
1.78,0.0178,NAN,NAN
1.79,0.0179,NAN,NAN
1.8,0.018,NAN,NAN
1.81,0.0181,NAN,NAN
1.82,0.0182,NAN,NAN
1.83,0.0183,NAN,NAN
1.84,0.0184,NAN,NAN
1.85,0.0185,NAN,NAN
1.86,0.0186,NAN,NAN
1.87,0.0187,NAN,NAN
1.88,0.0188,NAN,NAN
1.89,0.0189,NAN,NAN
1.9,0.019,NAN,NAN
1.91,0.0191,NAN,NAN
1.92,0.0192,NAN,NAN
1.93,0.0193,NAN,NAN
1.94,0.0194,NAN,NAN
1.95,0.0195,NAN,NAN
1.96,0.0196,NAN,NAN
1.97,0.0197,NAN,NAN
1.98,0.0198,NAN,NAN
1.99,0.0199,NAN,NAN
2,0.02,NAN,NAN
2.01,0.0201,NAN,NAN
2.02,0.0202,NAN,NAN
2.03,0.0203,NAN,NAN
2.04,0.0204,NAN,NAN
2.05,0.0205,NAN,NAN
2.06,0.0206,NAN,NAN
2.07,0.0207,NAN,NAN
2.08,0.0208,NAN,NAN
2.09,0.0209,NAN,NAN
2.1,0.021,NAN,NAN
2.11,0.0211,NAN,NAN
2.12,0.0212,NAN,NAN
2.13,0.0213,NAN,NAN
2.14,0.0214,NAN,NAN
2.15,0.0215,NAN,NAN
2.16,0.0216,NAN,NAN
2.17,0.0217,NAN,NAN
2.18,0.0218,NAN,NAN
2.19,0.0219,NAN,NAN
2.2,0.022,NAN,NAN
2.21,0.0221,NAN,NAN
2.22,0.0222,NAN,NAN
2.23,0.0223,NAN,NAN
2.24,0.0224,NAN,NAN
2.25,0.0225,NAN,NAN
2.26,0.0226,NAN,NAN
2.27,0.0227,NAN,NAN
2.28,0.0228,NAN,NAN
2.29,0.0229,NAN,NAN
2.3,0.023,NAN,NAN
2.31,0.0231,NAN,NAN
2.32,0.0232,NAN,NAN
2.33,0.0233,NAN,NAN
2.34,0.0234,NAN,NAN
2.35,0.0235,NAN,NAN
2.36,0.0236,NAN,NAN
2.37,0.0237,NAN,NAN
2.38,0.0238,NAN,NAN
2.39,0.0239,NAN,NAN
2.4,0.024,NAN,NAN
2.41,0.0241,NAN,NAN
2.42,0.0242,NAN,NAN
2.43,0.0243,NAN,NAN
2.44,0.0244,NAN,NAN
2.45,0.0245,NAN,NAN
2.46,0.0246,NAN,NAN
2.47,0.0247,NAN,NAN
2.48,0.0248,NAN,NAN
2.49,0.0249,NAN,NAN
2.5,0.025,NAN,NAN
2.51,0.0251,NAN,NAN
2.52,0.0252,NAN,NAN
2.53,0.0253,NAN,NAN
2.54,0.0254,NAN,NAN
2.55,0.0255,NAN,NAN
2.56,0.0256,NAN,NAN
2.57,0.0257,NAN,NAN
2.58,0.0258,NAN,NAN
2.59,0.0259,NAN,NAN
2.6,0.026,NAN,NAN
2.61,0.0261,NAN,NAN
2.62,0.0262,NAN,NAN
2.63,0.0263,NAN,NAN
2.64,0.0264,NAN,NAN
2.65,0.0265,NAN,NAN
2.66,0.0266,NAN,NAN
2.67,0.0267,NAN,NAN
2.68,0.0268,NAN,NAN
2.69,0.0269,NAN,NAN
2.7,0.027,NAN,NAN
2.71,0.0271,NAN,NAN
2.72,0.0272,NAN,NAN
2.73,0.0273,NAN,NAN
2.74,0.0274,NAN,NAN
2.75,0.0275,NAN,NAN
2.76,0.0276,NAN,NAN
2.77,0.0277,NAN,NAN
2.78,0.0278,NAN,NAN
2.79,0.0279,NAN,NAN
2.8,0.028,NAN,NAN
2.81,0.0281,NAN,NAN
2.82,0.0282,NAN,NAN
2.83,0.0283,NAN,NAN
2.84,0.0284,NAN,NAN
2.85,0.0285,NAN,NAN
2.86,0.0286,NAN,NAN
2.87,0.0287,NAN,NAN
2.88,0.0288,NAN,NAN
2.89,0.0289,NAN,NAN
2.9,0.029,NAN,NAN
2.91,0.0291,NAN,NAN
2.92,0.0292,NAN,NAN
2.93,0.0293,NAN,NAN
2.94,0.0294,NAN,NAN
2.95,0.0295,NAN,NAN
2.96,0.0296,NAN,NAN
2.97,0.0297,NAN,NAN
2.98,0.0298,NAN,NAN
2.99,0.0299,NAN,NAN
3,0.03,NAN,NAN
3.01,0.0301,NAN,NAN
3.02,0.0302,NAN,NAN
3.03,0.0303,NAN,NAN
3.04,0.0304,NAN,NAN
3.05,0.0305,NAN,NAN
3.06,0.0306,NAN,NAN
3.07,0.0307,NAN,NAN
3.08,0.0308,NAN,NAN
3.09,0.0309,NAN,NAN
3.1,0.031,NAN,NAN
3.11,0.0311,NAN,NAN
3.12,0.0312,NAN,NAN
3.13,0.0313,NAN,NAN
3.14,0.0314,NAN,NAN
3.15,0.0315,NAN,NAN
3.16,0.0316,NAN,NAN
3.17,0.0317,NAN,NAN
3.18,0.0318,NAN,NAN
3.19,0.0319,NAN,NAN
3.2,0.032,NAN,NAN
3.21,0.0321,NAN,NAN
3.22,0.0322,NAN,NAN
3.23,0.0323,NAN,NAN
3.24,0.0324,NAN,NAN
3.25,0.0325,NAN,NAN
3.26,0.0326,NAN,NAN
3.27,0.0327,NAN,NAN
3.28,0.0328,NAN,NAN
3.29,0.0329,NAN,NAN
3.3,0.033,NAN,NAN
3.31,0.0331,NAN,NAN
3.32,0.0332,NAN,NAN
3.33,0.0333,NAN,NAN
3.34,0.0334,NAN,NAN
3.35,0.0335,NAN,NAN
3.36,0.0336,NAN,NAN
3.37,0.0337,NAN,NAN
3.38,0.0338,NAN,NAN
3.39,0.0339,NAN,NAN
3.4,0.034,NAN,NAN
3.41,0.0341,NAN,NAN
3.42,0.0342,NAN,NAN
3.43,0.0343,NAN,NAN
3.44,0.0344,NAN,NAN
3.45,0.0345,NAN,NAN
3.46,0.0346,NAN,NAN
3.47,0.0347,NAN,NAN
3.48,0.0348,NAN,NAN
3.49,0.0349,NAN,NAN
3.5,0.035,NAN,NAN
3.51,0.0351,NAN,NAN
3.52,0.0352,NAN,NAN
3.53,0.0353,NAN,NAN
3.54,0.0354,NAN,NAN
3.55,0.0355,NAN,NAN
3.56,0.0356,NAN,NAN
3.57,0.0357,NAN,NAN
3.58,0.0358,NAN,NAN
3.59,0.0359,NAN,NAN
3.6,0.036,NAN,NAN
3.61,0.0361,NAN,NAN
3.62,0.0362,NAN,NAN
3.63,0.0363,NAN,NAN
3.64,0.0364,NAN,NAN
3.65,0.0365,NAN,NAN
3.66,0.0366,NAN,NAN
3.67,0.0367,NAN,NAN
3.68,0.0368,NAN,NAN
3.69,0.0369,NAN,NAN
3.7,0.037,NAN,NAN
3.71,0.0371,NAN,NAN
3.72,0.0372,NAN,NAN
3.73,0.0373,NAN,NAN
3.74,0.0374,NAN,NAN
3.75,0.0375,NAN,NAN
3.76,0.0376,NAN,NAN
3.77,0.0377,NAN,NAN
3.78,0.0378,NAN,NAN
3.79,0.0379,NAN,NAN
3.8,0.038,NAN,NAN
3.81,0.0381,NAN,NAN
3.82,0.0382,NAN,NAN
3.83,0.0383,NAN,NAN
3.84,0.0384,NAN,NAN
3.85,0.0385,NAN,NAN
3.86,0.0386,NAN,NAN
3.87,0.0387,NAN,NAN
3.88,0.0388,NAN,NAN
3.89,0.0389,NAN,NAN
3.9,0.039,NAN,NAN
3.91,0.0391,NAN,NAN
3.92,0.0392,NAN,NAN
3.93,0.0393,NAN,NAN
3.94,0.0394,NAN,NAN
3.95,0.0395,NAN,NAN
3.96,0.0396,NAN,NAN
3.97,0.0397,NAN,NAN
3.98,0.0398,NAN,NAN
3.99,0.0399,NAN,NAN
4,0.04,NAN,NAN
4.01,0.0401,NAN,NAN
4.02,0.0402,NAN,NAN
4.03,0.0403,NAN,NAN
4.04,0.0404,NAN,NAN
4.05,0.0405,NAN,NAN
4.06,0.0406,NAN,NAN
4.07,0.0407,NAN,NAN
4.08,0.0408,NAN,NAN
4.09,0.0409,NAN,NAN
4.1,0.041,NAN,NAN
4.11,0.0411,NAN,NAN
4.12,0.0412,NAN,NAN
4.13,0.0413,NAN,NAN
4.14,0.0414,NAN,NAN
4.15,0.0415,NAN,NAN
4.16,0.0416,NAN,NAN
4.17,0.0417,NAN,NAN
4.18,0.0418,NAN,NAN
4.19,0.0419,NAN,NAN
4.2,0.042,NAN,NAN
4.21,0.0421,NAN,NAN
4.22,0.0422,NAN,NAN
4.23,0.0423,NAN,NAN
4.24,0.0424,NAN,NAN
4.25,0.0425,NAN,NAN
4.26,0.0426,NAN,NAN
4.27,0.0427,NAN,NAN
4.28,0.0428,NAN,NAN
4.29,0.0429,NAN,NAN
4.3,0.043,NAN,NAN
4.31,0.0431,NAN,NAN
4.32,0.0432,NAN,NAN
4.33,0.0433,NAN,NAN
4.34,0.0434,NAN,NAN
4.35,0.0435,NAN,NAN
4.36,0.0436,NAN,NAN
4.37,0.0437,NAN,NAN
4.38,0.0438,NAN,NAN
4.39,0.0439,NAN,NAN
4.4,0.044,NAN,NAN
4.41,0.0441,NAN,NAN
4.42,0.0442,NAN,NAN
4.43,0.0443,NAN,NAN
4.44,0.0444,NAN,NAN
4.45,0.0445,NAN,NAN
4.46,0.0446,NAN,NAN
4.47,0.0447,NAN,NAN
4.48,0.0448,NAN,NAN
4.49,0.0449,NAN,NAN
4.5,0.045,NAN,NAN
4.51,0.0451,NAN,NAN
4.52,0.0452,NAN,NAN
4.53,0.0453,NAN,NAN
4.54,0.0454,NAN,NAN
4.55,0.0455,NAN,NAN
4.56,0.0456,NAN,NAN
4.57,0.0457,NAN,NAN
4.58,0.0458,NAN,NAN
4.59,0.0459,NAN,NAN
4.6,0.046,NAN,NAN
4.61,0.0461,NAN,NAN
4.62,0.0462,NAN,NAN
4.63,0.0463,NAN,NAN
4.64,0.0464,NAN,NAN
4.65,0.0465,NAN,NAN
4.66,0.0466,NAN,NAN
4.67,0.0467,NAN,NAN
4.68,0.0468,NAN,NAN
4.69,0.0469,NAN,NAN
4.7,0.047,NAN,NAN
4.71,0.0471,NAN,NAN
4.72,0.0472,NAN,NAN
4.73,0.0473,NAN,NAN
4.74,0.0474,NAN,NAN
4.75,0.0475,NAN,NAN
4.76,0.0476,NAN,NAN
4.77,0.0477,NAN,NAN
4.78,0.0478,NAN,NAN
4.79,0.0479,NAN,NAN
4.8,0.048,NAN,NAN
4.81,0.0481,NAN,NAN
4.82,0.0482,NAN,NAN
4.83,0.0483,NAN,NAN
4.84,0.0484,NAN,NAN
4.85,0.0485,NAN,NAN
4.86,0.0486,NAN,NAN
4.87,0.0487,NAN,NAN
4.88,0.0488,NAN,NAN
4.89,0.0489,NAN,NAN
4.9,0.049,NAN,NAN
4.91,0.0491,NAN,NAN
4.92,0.0492,NAN,NAN
4.93,0.0493,NAN,NAN
4.94,0.0494,NAN,NAN
4.95,0.0495,NAN,NAN
4.96,0.0496,NAN,NAN
4.97,0.0497,NAN,NAN
4.98,0.0498,NAN,NAN
4.99,0.0499,NAN,NAN
5,0.05,NAN,NAN
5.01,0.0501,NAN,NAN
5.02,0.0502,NAN,NAN
5.03,0.0503,NAN,NAN
5.04,0.0504,NAN,NAN
5.05,0.0505,NAN,NAN
5.06,0.0506,NAN,NAN
5.07,0.0507,NAN,NAN
5.08,0.0508,NAN,NAN
5.09,0.0509,NAN,NAN
5.1,0.051,NAN,NAN
5.11,0.0511,NAN,NAN
5.12,0.0512,NAN,NAN
5.13,0.0513,NAN,NAN
5.14,0.0514,NAN,NAN
5.15,0.0515,NAN,NAN
5.16,0.0516,NAN,NAN
5.17,0.0517,NAN,NAN
5.18,0.0518,NAN,NAN
5.19,0.0519,NAN,NAN
5.2,0.052,NAN,NAN
5.21,0.0521,NAN,NAN
5.22,0.0522,NAN,NAN
5.23,0.0523,NAN,NAN
5.24,0.0524,NAN,NAN
5.25,0.0525,NAN,NAN
5.26,0.0526,NAN,NAN
5.27,0.0527,NAN,NAN
5.28,0.0528,NAN,NAN
5.29,0.0529,NAN,NAN
5.3,0.053,NAN,NAN
5.31,0.0531,NAN,NAN
5.32,0.0532,NAN,NAN
5.33,0.0533,NAN,NAN
5.34,0.0534,NAN,NAN
5.35,0.0535,NAN,NAN
5.36,0.0536,NAN,NAN
5.37,0.0537,NAN,NAN
5.38,0.0538,NAN,NAN
5.39,0.0539,NAN,NAN
5.4,0.054,NAN,NAN
5.41,0.0541,NAN,NAN
5.42,0.0542,NAN,NAN
5.43,0.0543,NAN,NAN
5.44,0.0544,NAN,NAN
5.45,0.0545,NAN,NAN
5.46,0.0546,NAN,NAN
5.47,0.0547,NAN,NAN
5.48,0.0548,NAN,NAN
5.49,0.0549,NAN,NAN
5.5,0.055,NAN,NAN
5.51,0.0551,NAN,NAN
5.52,0.0552,NAN,NAN
5.53,0.0553,NAN,NAN
5.54,0.0554,NAN,NAN
5.55,0.0555,NAN,NAN
5.56,0.0556,NAN,NAN
5.57,0.0557,NAN,NAN
5.58,0.0558,NAN,NAN
5.59,0.0559,NAN,NAN
5.6,0.056,NAN,NAN
5.61,0.0561,NAN,NAN
5.62,0.0562,NAN,NAN
5.63,0.0563,NAN,NAN
5.64,0.0564,NAN,NAN
5.65,0.0565,NAN,NAN
5.66,0.0566,NAN,NAN
5.67,0.0567,NAN,NAN
5.68,0.0568,NAN,NAN
5.69,0.0569,NAN,NAN
5.7,0.057,NAN,NAN
5.71,0.0571,NAN,NAN
5.72,0.0572,NAN,NAN
5.73,0.0573,NAN,NAN
5.74,0.0574,NAN,NAN
5.75,0.0575,NAN,NAN
5.76,0.0576,NAN,NAN
5.77,0.0577,NAN,NAN
5.78,0.0578,NAN,NAN
5.79,0.0579,NAN,NAN
5.8,0.058,NAN,NAN
5.81,0.0581,NAN,NAN
5.82,0.0582,NAN,NAN
5.83,0.0583,NAN,NAN
5.84,0.0584,NAN,NAN
5.85,0.0585,NAN,NAN
5.86,0.0586,NAN,NAN
5.87,0.0587,NAN,NAN
5.88,0.0588,NAN,NAN
5.89,0.0589,NAN,NAN
5.9,0.059,NAN,NAN
5.91,0.0591,NAN,NAN
5.92,0.0592,NAN,NAN
5.93,0.0593,NAN,NAN
5.94,0.0594,NAN,NAN
5.95,0.0595,NAN,NAN
5.96,0.0596,NAN,NAN
5.97,0.0597,NAN,NAN
5.98,0.0598,NAN,NAN
5.99,0.0599,NAN,NAN
6,0.06,NAN,NAN
6.01,0.0601,NAN,NAN
6.02,0.0602,NAN,NAN
6.03,0.0603,NAN,NAN
6.04,0.0604,NAN,NAN
6.05,0.0605,NAN,NAN
6.06,0.0606,NAN,NAN
6.07,0.0607,NAN,NAN
6.08,0.0608,NAN,NAN
6.09,0.0609,NAN,NAN
6.1,0.061,NAN,NAN
6.11,0.0611,NAN,NAN
6.12,0.0612,NAN,NAN
6.13,0.0613,NAN,NAN
6.14,0.0614,NAN,NAN
6.15,0.0615,NAN,NAN
6.16,0.0616,NAN,NAN
6.17,0.0617,NAN,NAN
6.18,0.0618,NAN,NAN
6.19,0.0619,NAN,NAN
6.2,0.062,NAN,NAN
6.21,0.0621,NAN,NAN
6.22,0.0622,NAN,NAN
6.23,0.0623,NAN,NAN
6.24,0.0624,NAN,NAN
6.25,0.0625,NAN,NAN
6.26,0.0626,NAN,NAN
6.27,0.0627,NAN,NAN
6.28,0.0628,NAN,NAN
6.29,0.0629,NAN,NAN
6.3,0.063,NAN,NAN
6.31,0.0631,NAN,NAN
6.32,0.0632,NAN,NAN
6.33,0.0633,NAN,NAN
6.34,0.0634,NAN,NAN
6.35,0.0635,NAN,NAN
6.36,0.0636,NAN,NAN
6.37,0.0637,NAN,NAN
6.38,0.0638,NAN,NAN
6.39,0.0639,NAN,NAN
6.4,0.064,NAN,NAN
6.41,0.0641,NAN,NAN
6.42,0.0642,NAN,NAN
6.43,0.0643,NAN,NAN
6.44,0.0644,NAN,NAN
6.45,0.0645,NAN,NAN
6.46,0.0646,NAN,NAN
6.47,0.0647,NAN,NAN
6.48,0.0648,NAN,NAN
6.49,0.0649,NAN,NAN
6.5,0.065,NAN,NAN
6.51,0.0651,NAN,NAN
6.52,0.0652,NAN,NAN
6.53,0.0653,NAN,NAN
6.54,0.0654,NAN,NAN
6.55,0.0655,NAN,NAN
6.56,0.0656,NAN,NAN
6.57,0.0657,NAN,NAN
6.58,0.0658,NAN,NAN
6.59,0.0659,NAN,NAN
6.6,0.066,NAN,NAN
6.61,0.0661,NAN,NAN
6.62,0.0662,NAN,NAN
6.63,0.0663,NAN,NAN
6.64,0.0664,NAN,NAN
6.65,0.0665,NAN,NAN
6.66,0.0666,NAN,NAN
6.67,0.0667,NAN,NAN
6.68,0.0668,NAN,NAN
6.69,0.0669,NAN,NAN
6.7,0.067,NAN,NAN
6.71,0.0671,NAN,NAN
6.72,0.0672,NAN,NAN
6.73,0.0673,NAN,NAN
6.74,0.0674,NAN,NAN
6.75,0.0675,NAN,NAN
6.76,0.0676,NAN,NAN
6.77,0.0677,NAN,NAN
6.78,0.0678,NAN,NAN
6.79,0.0679,NAN,NAN
6.8,0.068,NAN,NAN
6.81,0.0681,NAN,NAN
6.82,0.0682,NAN,NAN
6.83,0.0683,NAN,NAN
6.84,0.0684,NAN,NAN
6.85,0.0685,NAN,NAN
6.86,0.0686,NAN,NAN
6.87,0.0687,NAN,NAN
6.88,0.0688,NAN,NAN
6.89,0.0689,NAN,NAN
6.9,0.069,NAN,NAN
6.91,0.0691,NAN,NAN
6.92,0.0692,NAN,NAN
6.93,0.0693,NAN,NAN
6.94,0.0694,NAN,NAN
6.95,0.0695,NAN,NAN
6.96,0.0696,NAN,NAN
6.97,0.0697,NAN,NAN
6.98,0.0698,NAN,NAN
6.99,0.0699,NAN,NAN
7,0.07,NAN,NAN
7.01,0.0701,NAN,NAN
7.02,0.0702,NAN,NAN
7.03,0.0703,NAN,NAN
7.04,0.0704,NAN,NAN
7.05,0.0705,NAN,NAN
7.06,0.0706,NAN,NAN
7.07,0.0707,NAN,NAN
7.08,0.0708,NAN,NAN
7.09,0.0709,NAN,NAN
7.1,0.071,NAN,NAN
7.11,0.0711,NAN,NAN
7.12,0.0712,NAN,NAN
7.13,0.0713,NAN,NAN
7.14,0.0714,NAN,NAN
7.15,0.0715,NAN,NAN
7.16,0.0716,NAN,NAN
7.17,0.0717,NAN,NAN
7.18,0.0718,NAN,NAN
7.19,0.0719,NAN,NAN
7.2,0.072,NAN,NAN
7.21,0.0721,NAN,NAN
7.22,0.0722,NAN,NAN
7.23,0.0723,NAN,NAN
7.24,0.0724,NAN,NAN
7.25,0.0725,NAN,NAN
7.26,0.0726,NAN,NAN
7.27,0.0727,NAN,NAN
7.28,0.0728,NAN,NAN
7.29,0.0729,NAN,NAN
7.3,0.073,NAN,NAN
7.31,0.0731,NAN,NAN
7.32,0.0732,NAN,NAN
7.33,0.0733,NAN,NAN
7.34,0.0734,NAN,NAN
7.35,0.0735,NAN,NAN
7.36,0.0736,NAN,NAN
7.37,0.0737,NAN,NAN
7.38,0.0738,NAN,NAN
7.39,0.0739,NAN,NAN
7.4,0.074,NAN,NAN
7.41,0.0741,NAN,NAN
7.42,0.0742,NAN,NAN
7.43,0.0743,NAN,NAN
7.44,0.0744,NAN,NAN
7.45,0.0745,NAN,NAN
7.46,0.0746,NAN,NAN
7.47,0.0747,NAN,NAN
7.48,0.0748,NAN,NAN
7.49,0.0749,NAN,NAN
7.5,0.075,NAN,NAN
7.51,0.0751,NAN,NAN
7.52,0.0752,NAN,NAN
7.53,0.0753,NAN,NAN
7.54,0.0754,NAN,NAN
7.55,0.0755,NAN,NAN
7.56,0.0756,NAN,NAN
7.57,0.0757,NAN,NAN
7.58,0.0758,NAN,NAN
7.59,0.0759,NAN,NAN
7.6,0.076,NAN,NAN
7.61,0.0761,NAN,NAN
7.62,0.0762,NAN,NAN
7.63,0.0763,NAN,NAN
7.64,0.0764,NAN,NAN
7.65,0.0765,NAN,NAN
7.66,0.0766,NAN,NAN
7.67,0.0767,NAN,NAN
7.68,0.0768,NAN,NAN
7.69,0.0769,NAN,NAN
7.7,0.077,NAN,NAN
7.71,0.0771,NAN,NAN
7.72,0.0772,NAN,NAN
7.73,0.0773,NAN,NAN
7.74,0.0774,NAN,NAN
7.75,0.0775,NAN,NAN
7.76,0.0776,NAN,NAN
7.77,0.0777,NAN,NAN
7.78,0.0778,NAN,NAN
7.79,0.0779,NAN,NAN
7.8,0.078,NAN,NAN
7.81,0.0781,NAN,NAN
7.82,0.0782,NAN,NAN
7.83,0.0783,NAN,NAN
7.84,0.0784,NAN,NAN
7.85,0.0785,NAN,NAN
7.86,0.0786,NAN,NAN
7.87,0.0787,NAN,NAN
7.88,0.0788,NAN,NAN
7.89,0.0789,NAN,NAN
7.9,0.079,NAN,NAN
7.91,0.0791,NAN,NAN
7.92,0.0792,NAN,NAN
7.93,0.0793,NAN,NAN
7.94,0.0794,NAN,NAN
7.95,0.0795,NAN,NAN
7.96,0.0796,NAN,NAN
7.97,0.0797,NAN,NAN
7.98,0.0798,NAN,NAN
7.99,0.0799,NAN,NAN
8,0.08,NAN,NAN
8.01,0.0801,NAN,NAN
8.02,0.0802,NAN,NAN
8.03,0.0803,NAN,NAN
8.04,0.0804,NAN,NAN
8.05,0.0805,NAN,NAN
8.06,0.0806,NAN,NAN
8.07,0.0807,NAN,NAN
8.08,0.0808,NAN,NAN
8.09,0.0809,NAN,NAN
8.1,0.081,NAN,NAN
8.11,0.0811,NAN,NAN
8.12,0.0812,NAN,NAN
8.13,0.0813,NAN,NAN
8.14,0.0814,NAN,NAN
8.15,0.0815,NAN,NAN
8.16,0.0816,NAN,NAN
8.17,0.0817,NAN,NAN
8.18,0.0818,NAN,NAN
8.19,0.0819,NAN,NAN
8.2,0.082,NAN,NAN
8.21,0.0821,NAN,NAN
8.22,0.0822,NAN,NAN
8.23,0.0823,NAN,NAN
8.24,0.0824,NAN,NAN
8.25,0.0825,NAN,NAN
8.26,0.0826,NAN,NAN
8.27,0.0827,NAN,NAN
8.28,0.0828,NAN,NAN
8.29,0.0829,NAN,NAN
8.3,0.083,NAN,NAN
8.31,0.0831,NAN,NAN
8.32,0.0832,NAN,NAN
8.33,0.0833,NAN,NAN
8.34,0.0834,NAN,NAN
8.35,0.0835,NAN,NAN
8.36,0.0836,NAN,NAN
8.37,0.0837,NAN,NAN
8.38,0.0838,NAN,NAN
8.39,0.0839,NAN,NAN
8.4,0.084,NAN,NAN
8.41,0.0841,NAN,NAN
8.42,0.0842,NAN,NAN
8.43,0.0843,NAN,NAN
8.44,0.0844,NAN,NAN
8.45,0.0845,NAN,NAN
8.46,0.0846,NAN,NAN
8.47,0.0847,NAN,NAN
8.48,0.0848,NAN,NAN
8.49,0.0849,NAN,NAN
8.5,0.085,NAN,NAN
8.51,0.0851,NAN,NAN
8.52,0.0852,NAN,NAN
8.53,0.0853,NAN,NAN
8.54,0.0854,NAN,NAN
8.55,0.0855,NAN,NAN
8.56,0.0856,NAN,NAN
8.57,0.0857,NAN,NAN
8.58,0.0858,NAN,NAN
8.59,0.0859,NAN,NAN
8.6,0.086,NAN,NAN
8.61,0.0861,NAN,NAN
8.62,0.0862,NAN,NAN
8.63,0.0863,NAN,NAN
8.64,0.0864,NAN,NAN
8.65,0.0865,NAN,NAN
8.66,0.0866,NAN,NAN
8.67,0.0867,NAN,NAN
8.68,0.0868,NAN,NAN
8.69,0.0869,NAN,NAN
8.7,0.087,NAN,NAN
8.71,0.0871,NAN,NAN
8.72,0.0872,NAN,NAN
8.73,0.0873,NAN,NAN
8.74,0.0874,NAN,NAN
8.75,0.0875,NAN,NAN
8.76,0.0876,NAN,NAN
8.77,0.0877,NAN,NAN
8.78,0.0878,NAN,NAN
8.79,0.0879,NAN,NAN
8.8,0.088,NAN,NAN
8.81,0.0881,NAN,NAN
8.82,0.0882,NAN,NAN
8.83,0.0883,NAN,NAN
8.84,0.0884,NAN,NAN
8.85,0.0885,NAN,NAN
8.86,0.0886,NAN,NAN
8.87,0.0887,NAN,NAN
8.88,0.0888,NAN,NAN
8.89,0.0889,NAN,NAN
8.9,0.089,NAN,NAN
8.91,0.0891,NAN,NAN
8.92,0.0892,NAN,NAN
8.93,0.0893,NAN,NAN
8.94,0.0894,NAN,NAN
8.95,0.0895,NAN,NAN
8.96,0.0896,NAN,NAN
8.97,0.0897,NAN,NAN
8.98,0.0898,NAN,NAN
8.99,0.0899,NAN,NAN
9,0.09,NAN,NAN
9.01,0.0901,NAN,NAN
9.02,0.0902,NAN,NAN
9.03,0.0903,NAN,NAN
9.04,0.0904,NAN,NAN
9.05,0.0905,NAN,NAN
9.06,0.0906,NAN,NAN
9.07,0.0907,NAN,NAN
9.08,0.0908,NAN,NAN
9.09,0.0909,NAN,NAN
9.1,0.091,NAN,NAN
9.11,0.0911,NAN,NAN
9.12,0.0912,NAN,NAN
9.13,0.0913,NAN,NAN
9.14,0.0914,NAN,NAN
9.15,0.0915,NAN,NAN
9.16,0.0916,NAN,NAN
9.17,0.0917,NAN,NAN
9.18,0.0918,NAN,NAN
9.19,0.0919,NAN,NAN
9.2,0.092,NAN,NAN
9.21,0.0921,NAN,NAN
9.22,0.0922,NAN,NAN
9.23,0.0923,NAN,NAN
9.24,0.0924,NAN,NAN
9.25,0.0925,NAN,NAN
9.26,0.0926,NAN,NAN
9.27,0.0927,NAN,NAN
9.28,0.0928,NAN,NAN
9.29,0.0929,NAN,NAN
9.3,0.093,NAN,NAN
9.31,0.0931,NAN,NAN
9.32,0.0932,NAN,NAN
9.33,0.0933,NAN,NAN
9.34,0.0934,NAN,NAN
9.35,0.0935,NAN,NAN
9.36,0.0936,NAN,NAN
9.37,0.0937,NAN,NAN
9.38,0.0938,NAN,NAN
9.39,0.0939,NAN,NAN
9.4,0.094,NAN,NAN
9.41,0.0941,NAN,NAN
9.42,0.0942,NAN,NAN
9.43,0.0943,NAN,NAN
9.44,0.0944,NAN,NAN
9.45,0.0945,NAN,NAN
9.46,0.0946,NAN,NAN
9.47,0.0947,NAN,NAN
9.48,0.0948,NAN,NAN
9.49,0.0949,NAN,NAN
9.5,0.095,NAN,NAN
9.51,0.0951,NAN,NAN
9.52,0.0952,NAN,NAN
9.53,0.0953,NAN,NAN
9.54,0.0954,NAN,NAN
9.55,0.0955,NAN,NAN
9.56,0.0956,NAN,NAN
9.57,0.0957,NAN,NAN
9.58,0.0958,NAN,NAN
9.59,0.0959,NAN,NAN
9.6,0.096,NAN,NAN
9.61,0.0961,NAN,NAN
9.62,0.0962,NAN,NAN
9.63,0.0963,NAN,NAN
9.64,0.0964,NAN,NAN
9.65,0.0965,NAN,NAN
9.66,0.0966,NAN,NAN
9.67,0.0967,NAN,NAN
9.68,0.0968,NAN,NAN
9.69,0.0969,NAN,NAN
9.7,0.097,NAN,NAN
9.71,0.0971,NAN,NAN
9.72,0.0972,NAN,NAN
9.73,0.0973,NAN,NAN
9.74,0.0974,NAN,NAN
9.75,0.0975,NAN,NAN
9.76,0.0976,NAN,NAN
9.77,0.0977,NAN,NAN
9.78,0.0978,NAN,NAN
9.79,0.0979,NAN,NAN
9.8,0.098,NAN,NAN
9.81,0.0981,NAN,NAN
9.82,0.0982,NAN,NAN
9.83,0.0983,NAN,NAN
9.84,0.0984,NAN,NAN
9.85,0.0985,NAN,NAN
9.86,0.0986,NAN,NAN
9.87,0.0987,NAN,NAN
9.88,0.0988,NAN,NAN
9.89,0.0989,NAN,NAN
9.9,0.099,NAN,NAN
9.91,0.0991,NAN,NAN
9.92,0.0992,NAN,NAN
9.93,0.0993,NAN,NAN
9.94,0.0994,NAN,NAN
9.95,0.0995,NAN,NAN
9.96,0.0996,NAN,NAN
9.97,0.0997,NAN,NAN
9.98,0.0998,NAN,NAN
9.99,0.0999,NAN,NAN
10,0.1,NAN,NAN
